{"cameraMode":{"drawMode":0,"name":"Shaded","section":"Shading Mode"},"sceneLighting":true,"audioPlay":false,"sceneViewState":{"m_AlwaysRefresh":false,"showFog":true,"showSkybox":true,"showFlares":true,"showImageEffects":true,"showParticleSystems":true,"showVisualEffectGraphs":true,"m_FxEnabled":true},"in2DMode":false,"pivot":{"x":0.4587659537792206,"y":-0.3498973846435547,"z":-1.9166245460510255},"rotation":{"x":0.00023675701231695712,"y":-0.9352737069129944,"z":0.35397326946258547,"w":0.0005687037482857704},"size":3.849841594696045,"orthographic":false}